{
  "condition": "minecraft:inverted",
  "term": {
    "condition": "minecraft:alternative",
    "terms": [
      {
        "condition": "minecraft:entity_properties",
        "entity": "this",
        "predicate": {
          "type": "minecraft:item",
          "nbt": "{Item:{tag:{display:{}}}}"
        }
      },
      {
        "condition": "minecraft:inverted",
        "term": {
          "condition": "minecraft:alternative",
          "terms": [
            {
              "condition": "minecraft:entity_properties",
              "entity": "this",
              "predicate": {
                "nbt": "{Item:{tag:{SkullOwner:{Id: [I;1850552016,99109209,-1335040439,-653184183]}}}}"
              }
            },
            {
              "condition": "minecraft:entity_properties",
              "entity": "this",
              "predicate": {
                "nbt": "{Item:{tag:{SkullOwner:{Id: [I;1658453630,1781350791,-1964493527,-2123315747]}}}}"
              }
            }
          ]
        }
      }
    ]
  }
}