{
  "display": {
    "icon": {
      "item": "minecraft:skeleton_skull"
    },
    "title": "Headhunter",
    "description": "Obtain all possible mob heads",
    "frame": "challenge",
    "show_toast": true,
    "announce_to_chat": true,
    "hidden": false
  },
  "parent": "minecraft:adventure/kill_all_mobs",
  "criteria": {
    "creeper": {
      "trigger": "minecraft:inventory_changed",
      "conditions": {
        "items": [
          {
            "items": [
              "minecraft:creeper_head"
            ]
          }
        ]
      }
    },
    "zombie": {
      "trigger": "minecraft:inventory_changed",
      "conditions": {
        "items": [
          {
            "items": [
              "minecraft:zombie_head"
            ]
          }
        ]
      }
    },
    "skeleton": {
      "trigger": "minecraft:inventory_changed",
      "conditions": {
        "items": [
          {
            "items": [
              "minecraft:skeleton_skull"
            ]
          }
        ]
      }
    },
    "wither_skeleton": {
      "trigger": "minecraft:inventory_changed",
      "conditions": {
        "items": [
          {
            "items": [
              "minecraft:wither_skeleton_skull"
            ]
          }
        ]
      }
    },
    "ender_dragon": {
      "trigger": "minecraft:inventory_changed",
      "conditions": {
        "items": [
          {
            "items": [
              "minecraft:dragon_head"
            ]
          }
        ]
      }
    },
    "piglin": {
      "trigger": "minecraft:inventory_changed",
      "conditions": {
        "items": [
          {
            "items": [
              "minecraft:piglin_head"
            ]
          }
        ]
      }
    },
    "enderman": {
      "trigger": "minecraft:inventory_changed",
      "conditions": {
        "items": [
          {
            "items": [
              "minecraft:player_head"
            ],
            "nbt": "{SkullOwner:{Id:[I;1850552016,99109209,-1335040439,-653184183]}}"
          }
        ]
      }
    }
  },
  "rewards": {
    "experience": 100
  }
}
